{"cameraMode":{"drawMode":0,"name":"Shaded","section":"Shading Mode"},"sceneLighting":false,"audioPlay":false,"sceneViewState":{"m_AlwaysRefresh":true,"showFog":true,"showSkybox":true,"showFlares":true,"showImageEffects":true,"showParticleSystems":true,"showVisualEffectGraphs":true,"m_FxEnabled":true},"in2DMode":false,"pivot":{"x":12.038731575012207,"y":-49.00594711303711,"z":129.36331176757813},"rotation":{"x":-0.21488839387893678,"y":-0.01699550822377205,"z":0.003740629879757762,"w":-0.9764889478683472},"size":142.28114318847657,"orthographic":false}