{"cameraMode":{"drawMode":0,"name":"Shaded","section":"Shading Mode"},"sceneLighting":false,"audioPlay":false,"sceneViewState":{"m_AlwaysRefresh":true,"showFog":true,"showSkybox":true,"showFlares":true,"showImageEffects":true,"showParticleSystems":true,"showVisualEffectGraphs":true,"m_FxEnabled":true},"in2DMode":false,"pivot":{"x":0.38363415002822878,"y":-6.0084967613220219,"z":-5.686005592346191},"rotation":{"x":0.2001781016588211,"y":0.10880398750305176,"z":-0.02237011305987835,"w":0.9734516739845276},"size":5.552615642547607,"orthographic":false}