{"cameraMode":{"drawMode":0,"name":"Shaded","section":"Shading Mode"},"sceneLighting":false,"audioPlay":false,"sceneViewState":{"m_AlwaysRefresh":true,"showFog":true,"showSkybox":true,"showFlares":true,"showImageEffects":true,"showParticleSystems":true,"showVisualEffectGraphs":true,"m_FxEnabled":true},"in2DMode":false,"pivot":{"x":0.6794347763061523,"y":-2.448516845703125,"z":31.225923538208009},"rotation":{"x":-0.09274771809577942,"y":-0.22733145952224732,"z":0.021755386143922807,"w":-0.9691489934921265},"size":10.72770881652832,"orthographic":false}