{"cameraMode":{"drawMode":0,"name":"Shaded","section":"Shading Mode"},"sceneLighting":false,"audioPlay":false,"sceneViewState":{"m_AlwaysRefresh":true,"showFog":true,"showSkybox":true,"showFlares":true,"showImageEffects":true,"showParticleSystems":true,"showVisualEffectGraphs":true,"m_FxEnabled":true},"in2DMode":false,"pivot":{"x":1.1682246923446656,"y":-2.514688491821289,"z":28.47844886779785},"rotation":{"x":-0.11076655238866806,"y":-0.01877068169414997,"z":0.0021267705596983434,"w":-0.9937072396278381},"size":14.45851993560791,"orthographic":false}