{"cameraMode":{"drawMode":0,"name":"Shaded","section":"Shading Mode"},"sceneLighting":false,"audioPlay":false,"sceneViewState":{"m_AlwaysRefresh":true,"showFog":true,"showSkybox":true,"showFlares":true,"showImageEffects":true,"showParticleSystems":true,"showVisualEffectGraphs":true,"m_FxEnabled":true},"in2DMode":false,"pivot":{"x":13.925577163696289,"y":6.835317134857178,"z":-16.23921775817871},"rotation":{"x":-0.2583443820476532,"y":0.003474968019872904,"z":-0.0009292807662859559,"w":-0.9660465717315674},"size":0.27520567178726199,"orthographic":false}