{"cameraMode":{"drawMode":0,"name":"Shaded","section":"Shading Mode"},"sceneLighting":false,"audioPlay":false,"sceneViewState":{"m_AlwaysRefresh":true,"showFog":true,"showSkybox":true,"showFlares":true,"showImageEffects":true,"showParticleSystems":true,"showVisualEffectGraphs":true,"m_FxEnabled":true},"in2DMode":false,"pivot":{"x":1.7583487033843995,"y":-2.5076892375946047,"z":28.66141128540039},"rotation":{"x":-0.12589894235134126,"y":-0.25096070766448977,"z":0.03297394886612892,"w":-0.9592499136924744},"size":12.124356269836426,"orthographic":false}