{"cameraMode":{"drawMode":0,"name":"Shaded","section":"Shading Mode"},"sceneLighting":false,"audioPlay":false,"sceneViewState":{"m_AlwaysRefresh":true,"showFog":true,"showSkybox":true,"showFlares":true,"showImageEffects":true,"showParticleSystems":true,"showVisualEffectGraphs":true,"m_FxEnabled":true},"in2DMode":false,"pivot":{"x":-0.3739258646965027,"y":16.429210662841798,"z":-30.252920150756837},"rotation":{"x":-0.2698931097984314,"y":0.013573408126831055,"z":-0.003804963082075119,"w":-0.9627878665924072},"size":0.27520567178726199,"orthographic":false}