{"cameraMode":{"drawMode":0,"name":"Shaded","section":"Shading Mode"},"sceneLighting":false,"audioPlay":false,"sceneViewState":{"showFog":true,"showMaterialUpdate":true,"showSkybox":true,"showFlares":true,"showImageEffects":true,"showParticleSystems":true},"in2DMode":false,"pivot":{"x":-0.6409720778465271,"y":0.8322963118553162,"z":-9.736480712890625},"rotation":{"x":0.19156739115715028,"y":0.15707555413246156,"z":-0.03107496164739132,"w":0.9683361053466797},"size":8.573708534240723,"orthographic":false}